url,status_code,title,meta_description,h1
https://anouarlab.fr/,200,AnouarLab | Consultant SEO,AnouarLab - Consultant SEO expert aidant les entreprises à améliorer leur visibilité en ligne et leur positionnement sur les moteurs de recherche. Découvrez des stratégies pour une croissance organique et un succès digital.,"SEO & CRO Testés.
Résultats Prouvés."
https://anouarlab.fr,200,AnouarLab | Consultant SEO,AnouarLab - Consultant SEO expert aidant les entreprises à améliorer leur visibilité en ligne et leur positionnement sur les moteurs de recherche. Découvrez des stratégies pour une croissance organique et un succès digital.,"SEO & CRO Testés.
Résultats Prouvés."
https://anouarlab.fr/blog/2/,200,Blog,AnouarLab - Consultant SEO expert aidant les entreprises à améliorer leur visibilité en ligne et leur positionnement sur les moteurs de recherche. Découvrez des stratégies pour une croissance organique et un succès digital.,
https://anouarlab.fr/about/,200,À propos | AnouarLab,"Découvrez Anouar Sbia, consultant SEO & CRO spécialisé dans l'optimisation des sites Shopify et WordPress.",Anouar Sbia
https://anouarlab.fr/blog/,200,Blog,AnouarLab - Consultant SEO expert aidant les entreprises à améliorer leur visibilité en ligne et leur positionnement sur les moteurs de recherche. Découvrez des stratégies pour une croissance organique et un succès digital.,
https://anouarlab.fr/blog/audit-seo-technique--les-10-erreurs-fatales-qui-ruinent-votre-visibilit-en-2026/,200,Audit SEO Technique : Les 10 Erreurs Fatales qui Ruinent votre Visibilité en 2026,"Crawl budget gaspillé, erreurs d'indexation, Core Web Vitals dans le rouge... Découvrez les 10 erreurs techniques que 90% des sites commettent — et comment les corriger.",Audit SEO Technique : Les 10 Erreurs Fatales qui Ruinent votre Visibilité en 2026
https://anouarlab.fr/blog/5-erreurs-seo-qui-tuent-votre-trafic-shopify-et-comment-les-corriger/,200,5 erreurs SEO qui tuent votre trafic Shopify (et comment les corriger),Découvrez les erreurs SEO les plus courantes sur Shopify et les solutions concrètes pour améliorer votre référencement et augmenter vos ventes.,5 erreurs SEO qui tuent votre trafic Shopify (et comment les corriger)
https://anouarlab.fr/blog/comment-russir-un-test-ab-e-commerce--guide-complet/,200,Comment réussir un test A/B e-commerce : guide complet,"Apprenez à mettre en place des tests A/B efficaces sur votre boutique e-commerce. Méthodologie, outils, erreurs à éviter et exemples concrets.",Comment réussir un test A/B e-commerce : guide complet
https://anouarlab.fr/blog/combien-cote-un-audit-seo-en-2026--le-vrai-prix-de-la-performance/,200,Combien coûte un Audit SEO en 2026 ? (Le Vrai Prix de la Performance),"Tarif, devis, coût journalier... Découvrez combien coûte réellement un audit SEO professionnel en 2026 et pourquoi le ""pas cher"" peut ruiner votre rentabilité.",Combien coûte un Audit SEO en 2026 ? (Le Vrai Prix de la Performance)
https://anouarlab.fr/blog/comment-lire-un-devis-seo-sans-se-faire-avoir--le-guide-anti-arnaque/,200,Comment lire un Devis SEO sans se faire avoir ? (Le Guide Anti-Arnaque),"Apprenez à décrypter un devis SEO, repérer les arnaques et choisir la bonne prestation pour votre business. Comparatif, tarifs et pièges à éviter.",Comment lire un Devis SEO sans se faire avoir ? (Le Guide Anti-Arnaque)
https://anouarlab.fr/blog/core-web-vitals--le-guide-complet-pour-wordpress-en-2026/,200,Core Web Vitals : le guide complet pour WordPress en 2026,"Optimisez les performances de votre site WordPress avec ce guide complet sur les Core Web Vitals : LCP, FID, CLS expliqués et solutions pratiques.",Core Web Vitals : le guide complet pour WordPress en 2026
https://anouarlab.fr/blog/freelance-seo-vs-agence--qui-choisir-pour-votre-pme--guide-2026/,200,Freelance SEO vs Agence : Qui choisir pour votre PME ? (Guide 2026),"Expert indépendant ou agence structurée ? Découvrez les avantages, inconvénients et tarifs pour choisir le prestataire SEO idéal pour votre PME.",Freelance SEO vs Agence : Qui choisir pour votre PME ? (Guide 2026)
https://anouarlab.fr/blog/la-rcession-silencieuse--5-dettes-techniques-qui-tuent-votre-rentabilit-shopify-en-2026/,200,La Récession Silencieuse : 5 Dettes Techniques qui Tuent votre Rentabilité Shopify en 2026,"Checkout Extensibility, AEO, Friction Mobile... Découvrez les 5 points de friction invisibles qui érodent vos marges cette année et comment les corriger.",La Récession Silencieuse : 5 Dettes Techniques qui Tuent votre Rentabilité Shopify en 2026
https://anouarlab.fr/blog/le-roi-du-seo--combien-rapporte-vraiment-la-1re-place/,200,Le ROI du SEO : Combien rapporte vraiment la 1ère place ?,Le SEO est-il rentable ? Découvrez comment calculer le retour sur investissement (ROI) de votre référencement et la valeur réelle d'une première position Google.,Le ROI du SEO : Combien rapporte vraiment la 1ère place ?
https://anouarlab.fr/blog/le-roi-du-seo--combien-rapporte-vraiment-la-1re-place--analyse-2026/,200,Le ROI du SEO : Combien rapporte vraiment la 1ère place ? (Analyse 2026),Le SEO est-il vraiment rentable ? Découvrez combien rapporte la 1ère position Google et comment calculer le ROI de votre stratégie de référencement.,Le ROI du SEO : Combien rapporte vraiment la 1ère place ? (Analyse 2026)
https://anouarlab.fr/blog/pourquoi-un-consultant-seo-pas-cher-va-vous-coter-cher-analyse-2026/,200,"Pourquoi un Consultant SEO ""pas cher"" va vous coûter cher (Analyse 2026)","TJM à 200€, audit à 300€, forfait à 500€/mois... Découvrez pourquoi choisir un consultant SEO sur le prix est la pire erreur stratégique — et combien ça coûte vraiment.","Pourquoi un Consultant SEO ""pas cher"" va vous coûter cher (Analyse 2026)"
https://anouarlab.fr/blog/refonte-de-site-web--le-guide-de-survie-seo-pour-2026/,200,Refonte de Site Web : Le Guide de Survie SEO pour 2026,"Redirection 301, plan de migration, staging... Découvrez la checklist ultime pour réussir votre refonte de site web sans perdre votre trafic SEO.",Refonte de Site Web : Le Guide de Survie SEO pour 2026
https://anouarlab.fr/blog/seo-e-commerce--le-guide-complet-pour-2026/,200,SEO E-commerce : le guide complet pour 2026,"Stratégie SEO complète pour sites e-commerce : architecture, pages produits, contenu, technique. Guide actionnable avec exemples concrets.",SEO E-commerce : le guide complet pour 2026
https://anouarlab.fr/blog/tag/ab-testing/,200,Blog - ab-testing,AnouarLab - Consultant SEO expert aidant les entreprises à améliorer leur visibilité en ligne et leur positionnement sur les moteurs de recherche. Découvrez des stratégies pour une croissance organique et un succès digital.,
https://anouarlab.fr/blog/tag/analyse%20technique/,200,Blog - analyse technique,AnouarLab - Consultant SEO expert aidant les entreprises à améliorer leur visibilité en ligne et leur positionnement sur les moteurs de recherche. Découvrez des stratégies pour une croissance organique et un succès digital.,
https://anouarlab.fr/blog/tag/agence%20seo/,200,Blog - agence seo,AnouarLab - Consultant SEO expert aidant les entreprises à améliorer leur visibilité en ligne et leur positionnement sur les moteurs de recherche. Découvrez des stratégies pour une croissance organique et un succès digital.,
https://anouarlab.fr/blog/tag/audit/,200,Blog - audit,AnouarLab - Consultant SEO expert aidant les entreprises à améliorer leur visibilité en ligne et leur positionnement sur les moteurs de recherche. Découvrez des stratégies pour une croissance organique et un succès digital.,
https://anouarlab.fr/blog/tag/budget/,200,Blog - budget,AnouarLab - Consultant SEO expert aidant les entreprises à améliorer leur visibilité en ligne et leur positionnement sur les moteurs de recherche. Découvrez des stratégies pour une croissance organique et un succès digital.,
https://anouarlab.fr/blog/tag/audit%20seo%20technique/,200,Blog - audit seo technique,AnouarLab - Consultant SEO expert aidant les entreprises à améliorer leur visibilité en ligne et leur positionnement sur les moteurs de recherche. Découvrez des stratégies pour une croissance organique et un succès digital.,
https://anouarlab.fr/blog/tag/business/,200,Blog - business,AnouarLab - Consultant SEO expert aidant les entreprises à améliorer leur visibilité en ligne et leur positionnement sur les moteurs de recherche. Découvrez des stratégies pour une croissance organique et un succès digital.,
https://anouarlab.fr/blog/tag/commercial/,200,Blog - commercial,AnouarLab - Consultant SEO expert aidant les entreprises à améliorer leur visibilité en ligne et leur positionnement sur les moteurs de recherche. Découvrez des stratégies pour une croissance organique et un succès digital.,
https://anouarlab.fr/blog/tag/crawl%20budget/,200,Blog - crawl budget,AnouarLab - Consultant SEO expert aidant les entreprises à améliorer leur visibilité en ligne et leur positionnement sur les moteurs de recherche. Découvrez des stratégies pour une croissance organique et un succès digital.,
https://anouarlab.fr/blog/tag/conversion/,200,Blog - conversion,AnouarLab - Consultant SEO expert aidant les entreprises à améliorer leur visibilité en ligne et leur positionnement sur les moteurs de recherche. Découvrez des stratégies pour une croissance organique et un succès digital.,
https://anouarlab.fr/blog/tag/cro/,200,Blog - cro,AnouarLab - Consultant SEO expert aidant les entreprises à améliorer leur visibilité en ligne et leur positionnement sur les moteurs de recherche. Découvrez des stratégies pour une croissance organique et un succès digital.,
https://anouarlab.fr/blog/tag/e-commerce/,200,Blog - e-commerce,AnouarLab - Consultant SEO expert aidant les entreprises à améliorer leur visibilité en ligne et leur positionnement sur les moteurs de recherche. Découvrez des stratégies pour une croissance organique et un succès digital.,
https://anouarlab.fr/blog/tag/erreurs%20indexation/,200,Blog - erreurs indexation,AnouarLab - Consultant SEO expert aidant les entreprises à améliorer leur visibilité en ligne et leur positionnement sur les moteurs de recherche. Découvrez des stratégies pour une croissance organique et un succès digital.,
https://anouarlab.fr/blog/tag/freelance%20seo/,200,Blog - freelance seo,AnouarLab - Consultant SEO expert aidant les entreprises à améliorer leur visibilité en ligne et leur positionnement sur les moteurs de recherche. Découvrez des stratégies pour une croissance organique et un succès digital.,
https://anouarlab.fr/blog/tag/facturation%20seo/,200,Blog - facturation seo,AnouarLab - Consultant SEO expert aidant les entreprises à améliorer leur visibilité en ligne et leur positionnement sur les moteurs de recherche. Découvrez des stratégies pour une croissance organique et un succès digital.,
https://anouarlab.fr/blog/tag/migration/,200,Blog - migration,AnouarLab - Consultant SEO expert aidant les entreprises à améliorer leur visibilité en ligne et leur positionnement sur les moteurs de recherche. Découvrez des stratégies pour une croissance organique et un succès digital.,
https://anouarlab.fr/blog/tag/performance/,200,Blog - performance,AnouarLab - Consultant SEO expert aidant les entreprises à améliorer leur visibilité en ligne et leur positionnement sur les moteurs de recherche. Découvrez des stratégies pour une croissance organique et un succès digital.,
https://anouarlab.fr/blog/tag/prix%20prestation/,200,Blog - prix prestation,AnouarLab - Consultant SEO expert aidant les entreprises à améliorer leur visibilité en ligne et leur positionnement sur les moteurs de recherche. Découvrez des stratégies pour une croissance organique et un succès digital.,
https://anouarlab.fr/blog/tag/refonte/,200,Blog - refonte,AnouarLab - Consultant SEO expert aidant les entreprises à améliorer leur visibilité en ligne et leur positionnement sur les moteurs de recherche. Découvrez des stratégies pour une croissance organique et un succès digital.,
https://anouarlab.fr/blog/tag/roi/,200,Blog - roi,AnouarLab - Consultant SEO expert aidant les entreprises à améliorer leur visibilité en ligne et leur positionnement sur les moteurs de recherche. Découvrez des stratégies pour une croissance organique et un succès digital.,
https://anouarlab.fr/blog/tag/rentabilit%C3%A9/,200,Blog - rentabilité,AnouarLab - Consultant SEO expert aidant les entreprises à améliorer leur visibilité en ligne et leur positionnement sur les moteurs de recherche. Découvrez des stratégies pour une croissance organique et un succès digital.,
https://anouarlab.fr/blog/tag/seo/,200,Blog - seo,AnouarLab - Consultant SEO expert aidant les entreprises à améliorer leur visibilité en ligne et leur positionnement sur les moteurs de recherche. Découvrez des stratégies pour une croissance organique et un succès digital.,
https://anouarlab.fr/blog/tag/shopify/,200,Blog - shopify,AnouarLab - Consultant SEO expert aidant les entreprises à améliorer leur visibilité en ligne et leur positionnement sur les moteurs de recherche. Découvrez des stratégies pour une croissance organique et un succès digital.,
https://anouarlab.fr/blog/tag/strat%C3%A9gie/,200,Blog - stratégie,AnouarLab - Consultant SEO expert aidant les entreprises à améliorer leur visibilité en ligne et leur positionnement sur les moteurs de recherche. Découvrez des stratégies pour une croissance organique et un succès digital.,
https://anouarlab.fr/blog/tag/strategie/,200,Blog - strategie,AnouarLab - Consultant SEO expert aidant les entreprises à améliorer leur visibilité en ligne et leur positionnement sur les moteurs de recherche. Découvrez des stratégies pour une croissance organique et un succès digital.,
https://anouarlab.fr/blog/tag/tarif%20consultant%20seo/,200,Blog - tarif consultant seo,AnouarLab - Consultant SEO expert aidant les entreprises à améliorer leur visibilité en ligne et leur positionnement sur les moteurs de recherche. Découvrez des stratégies pour une croissance organique et un succès digital.,
https://anouarlab.fr/blog/tag/strat%C3%A9gie%20seo/,200,Blog - stratégie seo,AnouarLab - Consultant SEO expert aidant les entreprises à améliorer leur visibilité en ligne et leur positionnement sur les moteurs de recherche. Découvrez des stratégies pour une croissance organique et un succès digital.,
https://anouarlab.fr/blog/tag/technique/,200,Blog - technique,AnouarLab - Consultant SEO expert aidant les entreprises à améliorer leur visibilité en ligne et leur positionnement sur les moteurs de recherche. Découvrez des stratégies pour une croissance organique et un succès digital.,
https://anouarlab.fr/blog/tag/tjm%20seo/,200,Blog - tjm seo,AnouarLab - Consultant SEO expert aidant les entreprises à améliorer leur visibilité en ligne et leur positionnement sur les moteurs de recherche. Découvrez des stratégies pour une croissance organique et un succès digital.,
https://anouarlab.fr/merci/,200,Merci ! | AnouarLab,Votre message a bien été envoyé. Je vous réponds sous 24h.,Message envoyé avec succès !
https://anouarlab.fr/cro/,200,CRO | AnouarLab,Optimisation des conversions testée et prouvée.,CRO
https://anouarlab.fr/blog/tag/wordpress/,200,Blog - wordpress,AnouarLab - Consultant SEO expert aidant les entreprises à améliorer leur visibilité en ligne et leur positionnement sur les moteurs de recherche. Découvrez des stratégies pour une croissance organique et un succès digital.,
https://anouarlab.fr/contact/,200,Contact | AnouarLab,"Contactez AnouarLab pour un audit SEO, une optimisation CRO, ou toute question sur l'amélioration de votre boutique Shopify ou WordPress.",Prêt à débloquer votre croissance ?
https://anouarlab.fr/seo/,200,SEO | AnouarLab,"Expériences, études de cas et guides SEO testés sur des vrais sites.",SEO
https://anouarlab.fr/services/audit-seo/,200,Audit SEO Complet | AnouarLab,Audit SEO technique et stratégique complet pour identifier les opportunités de croissance et corriger les erreurs qui freinent votre référencement.,Audit SEO Complet
https://anouarlab.fr/shopify/,200,Shopify | AnouarLab,"Optimisation Shopify : vitesse, SEO et conversions.",Shopify
https://anouarlab.fr/services/seo-shopify/,200,Consultant SEO Shopify | Optimisation E-commerce | AnouarLab,"Expert SEO Shopify : optimisez votre boutique pour Google, augmentez votre trafic organique et vos ventes sans publicité payante.",SEO Shopify
https://anouarlab.fr/wordpress/,200,WordPress | AnouarLab,"WordPress optimisé : performance, SEO et sécurité.",WordPress
https://anouarlab.fr/wordpress,200,WordPress | AnouarLab,"WordPress optimisé : performance, SEO et sécurité.",WordPress
https://anouarlab.fr/cro,200,CRO | AnouarLab,Optimisation des conversions testée et prouvée.,CRO
https://anouarlab.fr/shopify,200,Shopify | AnouarLab,"Optimisation Shopify : vitesse, SEO et conversions.",Shopify
https://anouarlab.fr/seo,200,SEO | AnouarLab,"Expériences, études de cas et guides SEO testés sur des vrais sites.",SEO
https://anouarlab.fr/blog,200,Blog,AnouarLab - Consultant SEO expert aidant les entreprises à améliorer leur visibilité en ligne et leur positionnement sur les moteurs de recherche. Découvrez des stratégies pour une croissance organique et un succès digital.,
https://anouarlab.fr/blog/pourquoi-un-consultant-seo-pas-cher-va-vous-coter-cher-analyse-2026,200,"Pourquoi un Consultant SEO ""pas cher"" va vous coûter cher (Analyse 2026)","TJM à 200€, audit à 300€, forfait à 500€/mois... Découvrez pourquoi choisir un consultant SEO sur le prix est la pire erreur stratégique — et combien ça coûte vraiment.","Pourquoi un Consultant SEO ""pas cher"" va vous coûter cher (Analyse 2026)"
https://anouarlab.fr/about,200,À propos | AnouarLab,"Découvrez Anouar Sbia, consultant SEO & CRO spécialisé dans l'optimisation des sites Shopify et WordPress.",Anouar Sbia
https://anouarlab.fr/blog/le-roi-du-seo--combien-rapporte-vraiment-la-1re-place--analyse-2026,200,Le ROI du SEO : Combien rapporte vraiment la 1ère place ? (Analyse 2026),Le SEO est-il vraiment rentable ? Découvrez combien rapporte la 1ère position Google et comment calculer le ROI de votre stratégie de référencement.,Le ROI du SEO : Combien rapporte vraiment la 1ère place ? (Analyse 2026)
https://anouarlab.fr/blog/audit-seo-technique--les-10-erreurs-fatales-qui-ruinent-votre-visibilit-en-2026,200,Audit SEO Technique : Les 10 Erreurs Fatales qui Ruinent votre Visibilité en 2026,"Crawl budget gaspillé, erreurs d'indexation, Core Web Vitals dans le rouge... Découvrez les 10 erreurs techniques que 90% des sites commettent — et comment les corriger.",Audit SEO Technique : Les 10 Erreurs Fatales qui Ruinent votre Visibilité en 2026
https://anouarlab.fr/services/audit-seo,200,Audit SEO Complet | AnouarLab,Audit SEO technique et stratégique complet pour identifier les opportunités de croissance et corriger les erreurs qui freinent votre référencement.,Audit SEO Complet
https://anouarlab.fr/services/seo-shopify,200,Consultant SEO Shopify | Optimisation E-commerce | AnouarLab,"Expert SEO Shopify : optimisez votre boutique pour Google, augmentez votre trafic organique et vos ventes sans publicité payante.",SEO Shopify
https://anouarlab.fr/contact,200,Contact | AnouarLab,"Contactez AnouarLab pour un audit SEO, une optimisation CRO, ou toute question sur l'amélioration de votre boutique Shopify ou WordPress.",Prêt à débloquer votre croissance ?
https://anouarlab.fr/blog/tag/wordpress,200,Blog - wordpress,AnouarLab - Consultant SEO expert aidant les entreprises à améliorer leur visibilité en ligne et leur positionnement sur les moteurs de recherche. Découvrez des stratégies pour une croissance organique et un succès digital.,
https://anouarlab.fr/blog/core-web-vitals--le-guide-complet-pour-wordpress-en-2026,200,Core Web Vitals : le guide complet pour WordPress en 2026,"Optimisez les performances de votre site WordPress avec ce guide complet sur les Core Web Vitals : LCP, FID, CLS expliqués et solutions pratiques.",Core Web Vitals : le guide complet pour WordPress en 2026
https://anouarlab.fr/blog/tag/seo,200,Blog - seo,AnouarLab - Consultant SEO expert aidant les entreprises à améliorer leur visibilité en ligne et leur positionnement sur les moteurs de recherche. Découvrez des stratégies pour une croissance organique et un succès digital.,
https://anouarlab.fr/blog/tag/performance,200,Blog - performance,AnouarLab - Consultant SEO expert aidant les entreprises à améliorer leur visibilité en ligne et leur positionnement sur les moteurs de recherche. Découvrez des stratégies pour une croissance organique et un succès digital.,
https://anouarlab.fr/blog/comment-russir-un-test-ab-e-commerce--guide-complet,200,Comment réussir un test A/B e-commerce : guide complet,"Apprenez à mettre en place des tests A/B efficaces sur votre boutique e-commerce. Méthodologie, outils, erreurs à éviter et exemples concrets.",Comment réussir un test A/B e-commerce : guide complet
https://anouarlab.fr/blog/tag/cro,200,Blog - cro,AnouarLab - Consultant SEO expert aidant les entreprises à améliorer leur visibilité en ligne et leur positionnement sur les moteurs de recherche. Découvrez des stratégies pour une croissance organique et un succès digital.,
https://anouarlab.fr/blog/tag/ab-testing,200,Blog - ab-testing,AnouarLab - Consultant SEO expert aidant les entreprises à améliorer leur visibilité en ligne et leur positionnement sur les moteurs de recherche. Découvrez des stratégies pour une croissance organique et un succès digital.,
https://anouarlab.fr/blog/tag/e-commerce,200,Blog - e-commerce,AnouarLab - Consultant SEO expert aidant les entreprises à améliorer leur visibilité en ligne et leur positionnement sur les moteurs de recherche. Découvrez des stratégies pour une croissance organique et un succès digital.,
https://anouarlab.fr/blog/tag/shopify,200,Blog - shopify,AnouarLab - Consultant SEO expert aidant les entreprises à améliorer leur visibilité en ligne et leur positionnement sur les moteurs de recherche. Découvrez des stratégies pour une croissance organique et un succès digital.,
https://anouarlab.fr/cv,404,404: Page introuvable,AnouarLab - Consultant SEO expert aidant les entreprises à améliorer leur visibilité en ligne et leur positionnement sur les moteurs de recherche. Découvrez des stratégies pour une croissance organique et un succès digital.,404
https://anouarlab.fr/blog/seo-e-commerce--le-guide-complet-pour-2026,200,SEO E-commerce : le guide complet pour 2026,"Stratégie SEO complète pour sites e-commerce : architecture, pages produits, contenu, technique. Guide actionnable avec exemples concrets.",SEO E-commerce : le guide complet pour 2026
https://anouarlab.fr/blog/tag/tarif consultant seo,200,Blog - tarif consultant seo,AnouarLab - Consultant SEO expert aidant les entreprises à améliorer leur visibilité en ligne et leur positionnement sur les moteurs de recherche. Découvrez des stratégies pour une croissance organique et un succès digital.,
https://anouarlab.fr/blog/tag/facturation seo,200,Blog - facturation seo,AnouarLab - Consultant SEO expert aidant les entreprises à améliorer leur visibilité en ligne et leur positionnement sur les moteurs de recherche. Découvrez des stratégies pour une croissance organique et un succès digital.,
https://anouarlab.fr/blog/tag/prix prestation,200,Blog - prix prestation,AnouarLab - Consultant SEO expert aidant les entreprises à améliorer leur visibilité en ligne et leur positionnement sur les moteurs de recherche. Découvrez des stratégies pour une croissance organique et un succès digital.,
https://anouarlab.fr/blog/tag/tjm seo,200,Blog - tjm seo,AnouarLab - Consultant SEO expert aidant les entreprises à améliorer leur visibilité en ligne et leur positionnement sur les moteurs de recherche. Découvrez des stratégies pour une croissance organique et un succès digital.,
https://anouarlab.fr/blog/tag/analyse technique,200,Blog - analyse technique,AnouarLab - Consultant SEO expert aidant les entreprises à améliorer leur visibilité en ligne et leur positionnement sur les moteurs de recherche. Découvrez des stratégies pour une croissance organique et un succès digital.,
https://anouarlab.fr/blog/tag/audit seo technique,200,Blog - audit seo technique,AnouarLab - Consultant SEO expert aidant les entreprises à améliorer leur visibilité en ligne et leur positionnement sur les moteurs de recherche. Découvrez des stratégies pour une croissance organique et un succès digital.,
https://anouarlab.fr/blog/tag/crawl budget,200,Blog - crawl budget,AnouarLab - Consultant SEO expert aidant les entreprises à améliorer leur visibilité en ligne et leur positionnement sur les moteurs de recherche. Découvrez des stratégies pour une croissance organique et un succès digital.,
https://anouarlab.fr/blog/tag/erreurs indexation,200,Blog - erreurs indexation,AnouarLab - Consultant SEO expert aidant les entreprises à améliorer leur visibilité en ligne et leur positionnement sur les moteurs de recherche. Découvrez des stratégies pour une croissance organique et un succès digital.,
https://anouarlab.fr/blog/tag/stratégie seo,200,Blog - stratégie seo,AnouarLab - Consultant SEO expert aidant les entreprises à améliorer leur visibilité en ligne et leur positionnement sur les moteurs de recherche. Découvrez des stratégies pour une croissance organique et un succès digital.,
https://anouarlab.fr/blog/tag/roi,200,Blog - roi,AnouarLab - Consultant SEO expert aidant les entreprises à améliorer leur visibilité en ligne et leur positionnement sur les moteurs de recherche. Découvrez des stratégies pour une croissance organique et un succès digital.,
https://anouarlab.fr/blog/tag/business,200,Blog - business,AnouarLab - Consultant SEO expert aidant les entreprises à améliorer leur visibilité en ligne et leur positionnement sur les moteurs de recherche. Découvrez des stratégies pour une croissance organique et un succès digital.,
https://anouarlab.fr/blog/tag/rentabilité,200,Blog - rentabilité,AnouarLab - Consultant SEO expert aidant les entreprises à améliorer leur visibilité en ligne et leur positionnement sur les moteurs de recherche. Découvrez des stratégies pour une croissance organique et un succès digital.,
https://anouarlab.fr/blog/freelance-seo-vs-agence--qui-choisir-pour-votre-pme--guide-2026,200,Freelance SEO vs Agence : Qui choisir pour votre PME ? (Guide 2026),"Expert indépendant ou agence structurée ? Découvrez les avantages, inconvénients et tarifs pour choisir le prestataire SEO idéal pour votre PME.",Freelance SEO vs Agence : Qui choisir pour votre PME ? (Guide 2026)
https://anouarlab.fr/blog/tag/freelance seo,200,Blog - freelance seo,AnouarLab - Consultant SEO expert aidant les entreprises à améliorer leur visibilité en ligne et leur positionnement sur les moteurs de recherche. Découvrez des stratégies pour une croissance organique et un succès digital.,
https://anouarlab.fr/blog/tag/agence seo,200,Blog - agence seo,AnouarLab - Consultant SEO expert aidant les entreprises à améliorer leur visibilité en ligne et leur positionnement sur les moteurs de recherche. Découvrez des stratégies pour une croissance organique et un succès digital.,
https://anouarlab.fr/blog/tag/stratégie,200,Blog - stratégie,AnouarLab - Consultant SEO expert aidant les entreprises à améliorer leur visibilité en ligne et leur positionnement sur les moteurs de recherche. Découvrez des stratégies pour une croissance organique et un succès digital.,
https://anouarlab.fr/blog/comment-lire-un-devis-seo-sans-se-faire-avoir--le-guide-anti-arnaque,200,Comment lire un Devis SEO sans se faire avoir ? (Le Guide Anti-Arnaque),"Apprenez à décrypter un devis SEO, repérer les arnaques et choisir la bonne prestation pour votre business. Comparatif, tarifs et pièges à éviter.",Comment lire un Devis SEO sans se faire avoir ? (Le Guide Anti-Arnaque)
https://anouarlab.fr/blog/tag/budget,200,Blog - budget,AnouarLab - Consultant SEO expert aidant les entreprises à améliorer leur visibilité en ligne et leur positionnement sur les moteurs de recherche. Découvrez des stratégies pour une croissance organique et un succès digital.,
https://anouarlab.fr/blog/tag/commercial,200,Blog - commercial,AnouarLab - Consultant SEO expert aidant les entreprises à améliorer leur visibilité en ligne et leur positionnement sur les moteurs de recherche. Découvrez des stratégies pour une croissance organique et un succès digital.,
https://anouarlab.fr/blog/le-roi-du-seo--combien-rapporte-vraiment-la-1re-place,200,Le ROI du SEO : Combien rapporte vraiment la 1ère place ?,Le SEO est-il rentable ? Découvrez comment calculer le retour sur investissement (ROI) de votre référencement et la valeur réelle d'une première position Google.,Le ROI du SEO : Combien rapporte vraiment la 1ère place ?
https://anouarlab.fr/blog/tag/strategie,200,Blog - strategie,AnouarLab - Consultant SEO expert aidant les entreprises à améliorer leur visibilité en ligne et leur positionnement sur les moteurs de recherche. Découvrez des stratégies pour une croissance organique et un succès digital.,
https://anouarlab.fr/blog/refonte-de-site-web--le-guide-de-survie-seo-pour-2026,200,Refonte de Site Web : Le Guide de Survie SEO pour 2026,"Redirection 301, plan de migration, staging... Découvrez la checklist ultime pour réussir votre refonte de site web sans perdre votre trafic SEO.",Refonte de Site Web : Le Guide de Survie SEO pour 2026
https://anouarlab.fr/blog/tag/refonte,200,Blog - refonte,AnouarLab - Consultant SEO expert aidant les entreprises à améliorer leur visibilité en ligne et leur positionnement sur les moteurs de recherche. Découvrez des stratégies pour une croissance organique et un succès digital.,
https://anouarlab.fr/blog/tag/migration,200,Blog - migration,AnouarLab - Consultant SEO expert aidant les entreprises à améliorer leur visibilité en ligne et leur positionnement sur les moteurs de recherche. Découvrez des stratégies pour une croissance organique et un succès digital.,
https://anouarlab.fr/blog/tag/technique,200,Blog - technique,AnouarLab - Consultant SEO expert aidant les entreprises à améliorer leur visibilité en ligne et leur positionnement sur les moteurs de recherche. Découvrez des stratégies pour une croissance organique et un succès digital.,
https://anouarlab.fr/blog/combien-cote-un-audit-seo-en-2026--le-vrai-prix-de-la-performance,200,Combien coûte un Audit SEO en 2026 ? (Le Vrai Prix de la Performance),"Tarif, devis, coût journalier... Découvrez combien coûte réellement un audit SEO professionnel en 2026 et pourquoi le ""pas cher"" peut ruiner votre rentabilité.",Combien coûte un Audit SEO en 2026 ? (Le Vrai Prix de la Performance)
https://anouarlab.fr/blog/tag/audit,200,Blog - audit,AnouarLab - Consultant SEO expert aidant les entreprises à améliorer leur visibilité en ligne et leur positionnement sur les moteurs de recherche. Découvrez des stratégies pour une croissance organique et un succès digital.,
https://anouarlab.fr/blog/la-rcession-silencieuse--5-dettes-techniques-qui-tuent-votre-rentabilit-shopify-en-2026,200,La Récession Silencieuse : 5 Dettes Techniques qui Tuent votre Rentabilité Shopify en 2026,"Checkout Extensibility, AEO, Friction Mobile... Découvrez les 5 points de friction invisibles qui érodent vos marges cette année et comment les corriger.",La Récession Silencieuse : 5 Dettes Techniques qui Tuent votre Rentabilité Shopify en 2026
https://anouarlab.fr/blog/post1,404,404: Page introuvable,AnouarLab - Consultant SEO expert aidant les entreprises à améliorer leur visibilité en ligne et leur positionnement sur les moteurs de recherche. Découvrez des stratégies pour une croissance organique et un succès digital.,404
https://anouarlab.fr/blog/tag/conversion,200,Blog - conversion,AnouarLab - Consultant SEO expert aidant les entreprises à améliorer leur visibilité en ligne et leur positionnement sur les moteurs de recherche. Découvrez des stratégies pour une croissance organique et un succès digital.,
https://anouarlab.fr/blog/5-erreurs-seo-qui-tuent-votre-trafic-shopify-et-comment-les-corriger,200,5 erreurs SEO qui tuent votre trafic Shopify (et comment les corriger),Découvrez les erreurs SEO les plus courantes sur Shopify et les solutions concrètes pour améliorer votre référencement et augmenter vos ventes.,5 erreurs SEO qui tuent votre trafic Shopify (et comment les corriger)
https://anouarlab.fr/blog?tag=landing-pages,200,Blog,AnouarLab - Consultant SEO expert aidant les entreprises à améliorer leur visibilité en ligne et leur positionnement sur les moteurs de recherche. Découvrez des stratégies pour une croissance organique et un succès digital.,
https://anouarlab.fr/blog?tag=tunnels,200,Blog,AnouarLab - Consultant SEO expert aidant les entreprises à améliorer leur visibilité en ligne et leur positionnement sur les moteurs de recherche. Découvrez des stratégies pour une croissance organique et un succès digital.,
https://anouarlab.fr/blog?tag=ab-testing,200,Blog,AnouarLab - Consultant SEO expert aidant les entreprises à améliorer leur visibilité en ligne et leur positionnement sur les moteurs de recherche. Découvrez des stratégies pour une croissance organique et un succès digital.,
https://anouarlab.fr/blog?tag=seo-technique,200,Blog,AnouarLab - Consultant SEO expert aidant les entreprises à améliorer leur visibilité en ligne et leur positionnement sur les moteurs de recherche. Découvrez des stratégies pour une croissance organique et un succès digital.,
https://anouarlab.fr/blog?tag=ux,200,Blog,AnouarLab - Consultant SEO expert aidant les entreprises à améliorer leur visibilité en ligne et leur positionnement sur les moteurs de recherche. Découvrez des stratégies pour une croissance organique et un succès digital.,
https://anouarlab.fr/blog?tag=backlinks,200,Blog,AnouarLab - Consultant SEO expert aidant les entreprises à améliorer leur visibilité en ligne et leur positionnement sur les moteurs de recherche. Découvrez des stratégies pour une croissance organique et un succès digital.,
https://anouarlab.fr/blog?tag=contenu,200,Blog,AnouarLab - Consultant SEO expert aidant les entreprises à améliorer leur visibilité en ligne et leur positionnement sur les moteurs de recherche. Découvrez des stratégies pour une croissance organique et un succès digital.,
https://anouarlab.fr/contact?subject=audit-strategique,200,Contact | AnouarLab,"Contactez AnouarLab pour un audit SEO, une optimisation CRO, ou toute question sur l'amélioration de votre boutique Shopify ou WordPress.",Prêt à débloquer votre croissance ?
https://anouarlab.fr/blog?tag=local,200,Blog,AnouarLab - Consultant SEO expert aidant les entreprises à améliorer leur visibilité en ligne et leur positionnement sur les moteurs de recherche. Découvrez des stratégies pour une croissance organique et un succès digital.,
https://anouarlab.fr/contact?subject=audit-flash,200,Contact | AnouarLab,"Contactez AnouarLab pour un audit SEO, une optimisation CRO, ou toute question sur l'amélioration de votre boutique Shopify ou WordPress.",Prêt à débloquer votre croissance ?
https://anouarlab.fr/blog?tag=shopify-vitesse,200,Blog,AnouarLab - Consultant SEO expert aidant les entreprises à améliorer leur visibilité en ligne et leur positionnement sur les moteurs de recherche. Découvrez des stratégies pour une croissance organique et un succès digital.,
https://anouarlab.fr/blog?tag=shopify-seo,200,Blog,AnouarLab - Consultant SEO expert aidant les entreprises à améliorer leur visibilité en ligne et leur positionnement sur les moteurs de recherche. Découvrez des stratégies pour une croissance organique et un succès digital.,
https://anouarlab.fr/blog?tag=shopify-cro,200,Blog,AnouarLab - Consultant SEO expert aidant les entreprises à améliorer leur visibilité en ligne et leur positionnement sur les moteurs de recherche. Découvrez des stratégies pour une croissance organique et un succès digital.,
https://anouarlab.fr/blog?tag=shopify-apps,200,Blog,AnouarLab - Consultant SEO expert aidant les entreprises à améliorer leur visibilité en ligne et leur positionnement sur les moteurs de recherche. Découvrez des stratégies pour une croissance organique et un succès digital.,
https://anouarlab.fr/blog?tag=wp-vitesse,200,Blog,AnouarLab - Consultant SEO expert aidant les entreprises à améliorer leur visibilité en ligne et leur positionnement sur les moteurs de recherche. Découvrez des stratégies pour une croissance organique et un succès digital.,
https://anouarlab.fr/blog?tag=wp-seo,200,Blog,AnouarLab - Consultant SEO expert aidant les entreprises à améliorer leur visibilité en ligne et leur positionnement sur les moteurs de recherche. Découvrez des stratégies pour une croissance organique et un succès digital.,
https://anouarlab.fr/blog?tag=wp-plugins,200,Blog,AnouarLab - Consultant SEO expert aidant les entreprises à améliorer leur visibilité en ligne et leur positionnement sur les moteurs de recherche. Découvrez des stratégies pour une croissance organique et un succès digital.,
https://anouarlab.fr/blog?tag=headless,200,Blog,AnouarLab - Consultant SEO expert aidant les entreprises à améliorer leur visibilité en ligne et leur positionnement sur les moteurs de recherche. Découvrez des stratégies pour une croissance organique et un succès digital.,
